Temp,Duration,Capacity,File
25C,3M,,06_02_2015_25C_3M_Final.xls
25C,3M,,2_24_2015_PLN_IC_25C_3M_1.xls
25C,3W,,04_08_2015_PLN_IC_25C_6.xls
25C,3W,,05_01_2015_25C_3W_IC.xls
25C,3W,,06_01_2015_25C_3W_Final.xls
25C,3W,,07_09_2015_25C_3W_IC.xls
25C,3W,,12_03_2014_PLN_IC_25C_1.xls
25C,3W,,12_18_2014_PLN_IC_25C_2.xls
25C,3W,,1_09_2015_PLN_IC_25C_3.xls
25C,3W,,2_1_2015_PLN_IC_25C_4.xls
25C,3W,,2_25_2015_PLN_IC_25C_5.xls
25C,3W,,3_17_15_PLN_IC_25C_6.xls
25C,6M,,06_02_2015_25C_3M_Final.xls
50C,3M,,06_29_2015_50C_3W_IC.xls
50C,3M,,2_22_2015_PLN_IC_50C_3M.xls
50C,0M,,04_07_2015_PLN20_22.xlsx
50C,0M,,2_4_2015_PLN19_21_CAPTEST.xls
50C,3W,,04_06_2015_PLN_IC_50C_6.xlsx
50C,3W,,04_07_2015_PLN_IC_SOC_100_50C_6.xlsx
50C,3W,,04_29_2015_50C_3W.xls
50C,3W,,05_28_2015_50C_3W_Final.xls
50C,3W,,06_29_2015_50C_3W_IC.xls
50C,3W,,12_02_2014_IC_PLN_50C_1.xls
50C,3W,,12_17_2014_PLN_IC_50C_2.xls
50C,3W,,1_08_2015_PLN_IC_50C_3.xls
50C,3W,,1_30_2015_PLN_IC_50C_4.xls
50C,3W,,2_23_2015_PLN_IC_50C_5.xls
50C,3W,,3_16_15_PLN_IC_50C_6.xls
50C,6M,,05_31_2015_50C_6M_Final.xls
